,room_name,sex
0,Room #0,F
1,Room #0,M
2,Room #1,F
3,Room #1,M
4,Room #10,M
5,Room #10,F
6,Room #100,M
7,Room #100,F
8,Room #101,M
9,Room #101,F
10,Room #102,M
11,Room #102,F
12,Room #103,F
13,Room #103,M
14,Room #104,F
15,Room #104,M
16,Room #105,F
17,Room #105,M
18,Room #106,F
19,Room #106,M
20,Room #107,F
21,Room #107,M
22,Room #108,M
23,Room #108,F
24,Room #109,F
25,Room #109,M
26,Room #11,M
27,Room #11,F
28,Room #110,F
29,Room #110,M
30,Room #111,F
31,Room #111,M
32,Room #112,M
33,Room #112,F
34,Room #113,F
35,Room #113,M
36,Room #114,F
37,Room #114,M
38,Room #115,F
39,Room #115,M
40,Room #116,F
41,Room #116,M
42,Room #117,F
43,Room #117,M
44,Room #118,M
45,Room #118,F
46,Room #119,M
47,Room #119,F
48,Room #12,F
49,Room #12,M
50,Room #120,M
51,Room #120,F
52,Room #121,F
53,Room #121,M
54,Room #122,F
55,Room #122,M
56,Room #123,M
57,Room #123,F
58,Room #124,F
59,Room #124,M
60,Room #125,F
61,Room #125,M
62,Room #126,F
63,Room #126,M
64,Room #127,F
65,Room #127,M
66,Room #128,F
67,Room #128,M
68,Room #129,F
69,Room #129,M
70,Room #13,F
71,Room #13,M
72,Room #130,M
73,Room #130,F
74,Room #131,M
75,Room #131,F
76,Room #132,M
77,Room #132,F
78,Room #133,M
79,Room #133,F
80,Room #134,F
81,Room #134,M
82,Room #135,F
83,Room #135,M
84,Room #136,M
85,Room #136,F
86,Room #137,F
87,Room #137,M
88,Room #138,F
89,Room #138,M
90,Room #139,F
91,Room #139,M
92,Room #14,F
93,Room #14,M
94,Room #140,F
95,Room #140,M
96,Room #141,M
97,Room #141,F
98,Room #142,M
99,Room #142,F
100,Room #143,M
101,Room #143,F
102,Room #144,F
103,Room #144,M
104,Room #145,M
105,Room #145,F
106,Room #146,M
107,Room #146,F
108,Room #147,M
109,Room #147,F
110,Room #148,F
111,Room #148,M
112,Room #149,F
113,Room #149,M
114,Room #15,F
115,Room #15,M
116,Room #150,F
117,Room #150,M
118,Room #151,M
119,Room #151,F
120,Room #152,F
121,Room #152,M
122,Room #153,F
123,Room #153,M
124,Room #154,M
125,Room #154,F
126,Room #155,F
127,Room #155,M
128,Room #156,M
129,Room #156,F
130,Room #157,F
131,Room #157,M
132,Room #158,M
133,Room #158,F
134,Room #159,M
135,Room #159,F
136,Room #16,M
137,Room #16,F
138,Room #160,F
139,Room #160,M
140,Room #161,M
141,Room #161,F
142,Room #162,F
143,Room #162,M
144,Room #163,F
145,Room #163,M
146,Room #164,F
147,Room #164,M
148,Room #165,F
149,Room #165,M
150,Room #166,M
151,Room #166,F
152,Room #167,F
153,Room #167,M
154,Room #168,M
155,Room #168,F
156,Room #169,M
157,Room #169,F
158,Room #17,F
159,Room #17,M
160,Room #170,M
161,Room #170,F
162,Room #171,F
163,Room #171,M
164,Room #172,M
165,Room #172,F
166,Room #173,F
167,Room #173,M
168,Room #174,M
169,Room #174,F
170,Room #175,F
171,Room #175,M
172,Room #176,M
173,Room #176,F
174,Room #177,M
175,Room #177,F
176,Room #178,F
177,Room #178,M
178,Room #179,F
179,Room #179,M
180,Room #18,M
181,Room #18,F
182,Room #180,M
183,Room #180,F
184,Room #181,M
185,Room #181,F
186,Room #182,M
187,Room #182,F
188,Room #183,M
189,Room #183,F
190,Room #184,M
191,Room #184,F
192,Room #185,M
193,Room #185,F
194,Room #186,M
195,Room #186,F
196,Room #187,F
197,Room #187,M
198,Room #188,M
199,Room #188,F
200,Room #189,M
201,Room #189,F
202,Room #19,M
203,Room #19,F
204,Room #190,M
205,Room #190,F
206,Room #191,M
207,Room #191,F
208,Room #192,M
209,Room #192,F
210,Room #193,M
211,Room #193,F
212,Room #194,F
213,Room #194,M
214,Room #195,F
215,Room #195,M
216,Room #196,F
217,Room #196,M
218,Room #197,M
219,Room #197,F
220,Room #198,M
221,Room #198,F
222,Room #199,M
223,Room #199,F
224,Room #2,F
225,Room #2,M
226,Room #20,F
227,Room #20,M
228,Room #200,F
229,Room #200,M
230,Room #201,F
231,Room #201,M
232,Room #202,M
233,Room #202,F
234,Room #203,F
235,Room #203,M
236,Room #204,M
237,Room #204,F
238,Room #205,M
239,Room #205,F
240,Room #206,F
241,Room #206,M
242,Room #207,F
243,Room #207,M
244,Room #208,M
245,Room #208,F
246,Room #209,F
247,Room #209,M
248,Room #21,F
249,Room #21,M
250,Room #210,F
251,Room #210,M
252,Room #211,M
253,Room #211,F
254,Room #212,F
255,Room #212,M
256,Room #213,M
257,Room #213,F
258,Room #214,M
259,Room #214,F
260,Room #215,M
261,Room #215,F
262,Room #216,M
263,Room #216,F
264,Room #217,F
265,Room #217,M
266,Room #218,F
267,Room #218,M
268,Room #219,F
269,Room #219,M
270,Room #22,M
271,Room #22,F
272,Room #220,M
273,Room #220,F
274,Room #223,F
275,Room #223,M
276,Room #224,F
277,Room #224,M
278,Room #225,F
279,Room #225,M
280,Room #226,M
281,Room #226,F
282,Room #227,F
283,Room #227,M
284,Room #228,F
285,Room #228,M
286,Room #229,F
287,Room #229,M
288,Room #23,F
289,Room #23,M
290,Room #230,F
291,Room #230,M
292,Room #231,F
293,Room #231,M
294,Room #232,M
295,Room #232,F
296,Room #233,F
297,Room #233,M
298,Room #234,M
299,Room #234,F
300,Room #235,M
301,Room #235,F
302,Room #236,F
303,Room #236,M
304,Room #237,M
305,Room #237,F
306,Room #238,F
307,Room #238,M
308,Room #239,M
309,Room #239,F
310,Room #24,M
311,Room #24,F
312,Room #240,F
313,Room #240,M
314,Room #241,M
315,Room #241,F
316,Room #242,M
317,Room #242,F
318,Room #243,F
319,Room #243,M
320,Room #244,M
321,Room #244,F
322,Room #245,M
323,Room #245,F
324,Room #246,M
325,Room #246,F
326,Room #247,F
327,Room #247,M
328,Room #248,F
329,Room #248,M
330,Room #249,F
331,Room #249,M
332,Room #25,M
333,Room #25,F
334,Room #250,F
335,Room #250,M
336,Room #251,M
337,Room #251,F
338,Room #252,F
339,Room #252,M
340,Room #253,M
341,Room #253,F
342,Room #254,M
343,Room #254,F
344,Room #255,M
345,Room #255,F
346,Room #256,M
347,Room #256,F
348,Room #257,F
349,Room #257,M
350,Room #258,M
351,Room #258,F
352,Room #259,M
353,Room #259,F
354,Room #26,M
355,Room #26,F
356,Room #260,M
357,Room #260,F
358,Room #261,M
359,Room #261,F
360,Room #262,M
361,Room #262,F
362,Room #263,F
363,Room #263,M
364,Room #264,M
365,Room #264,F
366,Room #265,F
367,Room #265,M
368,Room #266,F
369,Room #266,M
370,Room #267,F
371,Room #267,M
372,Room #268,M
373,Room #268,F
374,Room #269,F
375,Room #269,M
376,Room #27,F
377,Room #27,M
378,Room #270,M
379,Room #270,F
380,Room #271,M
381,Room #271,F
382,Room #272,M
383,Room #272,F
384,Room #273,F
385,Room #273,M
386,Room #274,F
387,Room #274,M
388,Room #275,F
389,Room #275,M
390,Room #276,F
391,Room #276,M
392,Room #277,M
393,Room #277,F
394,Room #278,F
395,Room #278,M
396,Room #279,M
397,Room #279,F
398,Room #28,M
399,Room #28,F
400,Room #280,F
401,Room #280,M
402,Room #281,F
403,Room #281,M
404,Room #282,M
405,Room #282,F
406,Room #283,M
407,Room #283,F
408,Room #284,M
409,Room #284,F
410,Room #285,M
411,Room #285,F
412,Room #286,M
413,Room #286,F
414,Room #287,M
415,Room #287,F
416,Room #288,M
417,Room #288,F
418,Room #289,F
419,Room #289,M
420,Room #29,M
421,Room #29,F
422,Room #290,M
423,Room #290,F
424,Room #291,F
425,Room #291,M
426,Room #292,M
427,Room #292,F
428,Room #293,F
429,Room #293,M
430,Room #294,F
431,Room #294,M
432,Room #295,M
433,Room #295,F
434,Room #296,M
435,Room #296,F
436,Room #297,F
437,Room #297,M
438,Room #298,M
439,Room #298,F
440,Room #299,F
441,Room #299,M
442,Room #3,M
443,Room #3,F
444,Room #30,F
445,Room #30,M
446,Room #300,M
447,Room #300,F
448,Room #301,F
449,Room #301,M
450,Room #302,M
451,Room #302,F
452,Room #303,M
453,Room #303,F
454,Room #304,M
455,Room #304,F
456,Room #305,M
457,Room #305,F
458,Room #306,M
459,Room #306,F
460,Room #307,M
461,Room #307,F
462,Room #308,F
463,Room #308,M
464,Room #309,F
465,Room #309,M
466,Room #31,M
467,Room #31,F
468,Room #310,M
469,Room #310,F
470,Room #311,F
471,Room #311,M
472,Room #312,F
473,Room #312,M
474,Room #313,F
475,Room #313,M
476,Room #314,M
477,Room #314,F
478,Room #315,F
479,Room #315,M
480,Room #316,M
481,Room #316,F
482,Room #317,F
483,Room #317,M
484,Room #318,M
485,Room #318,F
486,Room #319,M
487,Room #319,F
488,Room #32,M
489,Room #32,F
490,Room #320,F
491,Room #320,M
492,Room #321,F
493,Room #321,M
494,Room #322,M
495,Room #322,F
496,Room #323,M
497,Room #323,F
498,Room #324,M
499,Room #324,F
500,Room #325,M
501,Room #325,F
502,Room #326,F
503,Room #326,M
504,Room #327,M
505,Room #327,F
506,Room #328,F
507,Room #328,M
508,Room #329,F
509,Room #329,M
510,Room #33,M
511,Room #33,F
512,Room #330,M
513,Room #330,F
514,Room #331,F
515,Room #331,M
516,Room #332,M
517,Room #332,F
518,Room #333,F
519,Room #333,M
520,Room #334,M
521,Room #334,F
522,Room #335,F
523,Room #335,M
524,Room #336,F
525,Room #336,M
526,Room #337,M
527,Room #337,F
528,Room #338,F
529,Room #338,M
530,Room #339,F
531,Room #339,M
532,Room #34,F
533,Room #34,M
534,Room #340,M
535,Room #340,F
536,Room #341,F
537,Room #341,M
538,Room #342,F
539,Room #342,M
540,Room #343,F
541,Room #343,M
542,Room #344,F
543,Room #344,M
544,Room #345,F
545,Room #345,M
546,Room #346,F
547,Room #346,M
548,Room #347,M
549,Room #347,F
550,Room #348,F
551,Room #348,M
552,Room #349,M
553,Room #349,F
554,Room #35,F
555,Room #35,M
556,Room #350,M
557,Room #350,F
558,Room #351,F
559,Room #351,M
560,Room #352,F
561,Room #352,M
562,Room #353,F
563,Room #353,M
564,Room #354,M
565,Room #354,F
566,Room #355,F
567,Room #355,M
568,Room #356,M
569,Room #356,F
570,Room #357,F
571,Room #357,M
572,Room #358,F
573,Room #358,M
574,Room #359,M
575,Room #359,F
576,Room #36,F
577,Room #36,M
578,Room #360,F
579,Room #360,M
580,Room #361,F
581,Room #361,M
582,Room #362,F
583,Room #362,M
584,Room #363,M
585,Room #363,F
586,Room #364,F
587,Room #364,M
588,Room #365,F
589,Room #365,M
590,Room #366,F
591,Room #366,M
592,Room #367,M
593,Room #367,F
594,Room #368,M
595,Room #368,F
596,Room #369,M
597,Room #369,F
598,Room #37,F
599,Room #37,M
600,Room #370,F
601,Room #370,M
602,Room #371,M
603,Room #371,F
604,Room #372,M
605,Room #372,F
606,Room #373,F
607,Room #373,M
608,Room #374,F
609,Room #374,M
610,Room #375,M
611,Room #375,F
612,Room #376,F
613,Room #376,M
614,Room #377,M
615,Room #377,F
616,Room #378,F
617,Room #378,M
618,Room #379,M
619,Room #379,F
620,Room #38,M
621,Room #38,F
622,Room #380,M
623,Room #380,F
624,Room #381,F
625,Room #381,M
626,Room #382,M
627,Room #382,F
628,Room #383,M
629,Room #383,F
630,Room #384,M
631,Room #384,F
632,Room #385,M
633,Room #385,F
634,Room #386,M
635,Room #386,F
636,Room #387,M
637,Room #387,F
638,Room #388,M
639,Room #388,F
640,Room #389,M
641,Room #389,F
642,Room #39,F
643,Room #39,M
644,Room #390,M
645,Room #390,F
646,Room #391,F
647,Room #391,M
648,Room #392,M
649,Room #392,F
650,Room #393,M
651,Room #393,F
652,Room #394,M
653,Room #394,F
654,Room #395,F
655,Room #395,M
656,Room #397,M
657,Room #397,F
658,Room #398,M
659,Room #398,F
660,Room #399,M
661,Room #399,F
662,Room #4,F
663,Room #4,M
664,Room #40,F
665,Room #40,M
666,Room #400,M
667,Room #400,F
668,Room #401,F
669,Room #401,M
670,Room #402,F
671,Room #402,M
672,Room #403,F
673,Room #403,M
674,Room #404,M
675,Room #404,F
676,Room #405,F
677,Room #405,M
678,Room #406,F
679,Room #406,M
680,Room #407,F
681,Room #407,M
682,Room #408,M
683,Room #408,F
684,Room #409,M
685,Room #409,F
686,Room #41,M
687,Room #41,F
688,Room #410,M
689,Room #410,F
690,Room #411,M
691,Room #411,F
692,Room #412,M
693,Room #412,F
694,Room #413,M
695,Room #413,F
696,Room #414,F
697,Room #414,M
698,Room #415,M
699,Room #415,F
700,Room #416,M
701,Room #416,F
702,Room #417,F
703,Room #417,M
704,Room #418,F
705,Room #418,M
706,Room #42,F
707,Room #42,M
708,Room #420,M
709,Room #420,F
710,Room #421,M
711,Room #421,F
712,Room #422,F
713,Room #422,M
714,Room #423,M
715,Room #423,F
716,Room #424,F
717,Room #424,M
718,Room #425,F
719,Room #425,M
720,Room #426,M
721,Room #426,F
722,Room #427,M
723,Room #427,F
724,Room #428,M
725,Room #428,F
726,Room #429,F
727,Room #429,M
728,Room #43,F
729,Room #43,M
730,Room #430,M
731,Room #430,F
732,Room #431,M
733,Room #431,F
734,Room #432,M
735,Room #432,F
736,Room #433,M
737,Room #433,F
738,Room #434,F
739,Room #434,M
740,Room #435,F
741,Room #435,M
742,Room #436,F
743,Room #436,M
744,Room #437,M
745,Room #437,F
746,Room #438,F
747,Room #438,M
748,Room #439,F
749,Room #439,M
750,Room #44,F
751,Room #44,M
752,Room #440,M
753,Room #440,F
754,Room #441,F
755,Room #441,M
756,Room #442,F
757,Room #442,M
758,Room #443,M
759,Room #443,F
760,Room #444,F
761,Room #444,M
762,Room #445,F
763,Room #445,M
764,Room #446,M
765,Room #446,F
766,Room #447,F
767,Room #447,M
768,Room #448,F
769,Room #448,M
770,Room #449,F
771,Room #449,M
772,Room #45,F
773,Room #45,M
774,Room #450,M
775,Room #450,F
776,Room #451,M
777,Room #451,F
778,Room #452,F
779,Room #452,M
780,Room #453,M
781,Room #453,F
782,Room #454,M
783,Room #454,F
784,Room #455,M
785,Room #455,F
786,Room #456,F
787,Room #456,M
788,Room #457,F
789,Room #457,M
790,Room #458,M
791,Room #458,F
792,Room #459,M
793,Room #459,F
794,Room #46,F
795,Room #46,M
796,Room #460,F
797,Room #460,M
798,Room #461,F
799,Room #461,M
800,Room #462,M
801,Room #462,F
802,Room #463,M
803,Room #463,F
804,Room #464,F
805,Room #464,M
806,Room #465,M
807,Room #465,F
808,Room #466,F
809,Room #466,M
810,Room #467,F
811,Room #467,M
812,Room #468,F
813,Room #468,M
814,Room #469,M
815,Room #469,F
816,Room #47,F
817,Room #47,M
818,Room #470,M
819,Room #470,F
820,Room #471,F
821,Room #471,M
822,Room #472,M
823,Room #472,F
824,Room #473,M
825,Room #473,F
826,Room #474,F
827,Room #474,M
828,Room #475,F
829,Room #475,M
830,Room #476,F
831,Room #476,M
832,Room #477,M
833,Room #477,F
834,Room #478,F
835,Room #478,M
836,Room #479,F
837,Room #479,M
838,Room #48,F
839,Room #48,M
840,Room #480,M
841,Room #480,F
842,Room #481,F
843,Room #481,M
844,Room #483,M
845,Room #483,F
846,Room #485,M
847,Room #485,F
848,Room #486,F
849,Room #486,M
850,Room #487,F
851,Room #487,M
852,Room #488,M
853,Room #488,F
854,Room #489,F
855,Room #489,M
856,Room #49,F
857,Room #49,M
858,Room #490,M
859,Room #490,F
860,Room #491,F
861,Room #491,M
862,Room #492,F
863,Room #492,M
864,Room #493,M
865,Room #493,F
866,Room #494,F
867,Room #494,M
868,Room #495,F
869,Room #495,M
870,Room #496,F
871,Room #496,M
872,Room #497,F
873,Room #497,M
874,Room #498,F
875,Room #498,M
876,Room #499,F
877,Room #499,M
878,Room #5,M
879,Room #5,F
880,Room #50,M
881,Room #50,F
882,Room #500,F
883,Room #500,M
884,Room #501,F
885,Room #501,M
886,Room #502,F
887,Room #502,M
888,Room #503,F
889,Room #503,M
890,Room #504,F
891,Room #504,M
892,Room #505,M
893,Room #505,F
894,Room #506,F
895,Room #506,M
896,Room #507,F
897,Room #507,M
898,Room #508,F
899,Room #508,M
900,Room #509,M
901,Room #509,F
902,Room #51,F
903,Room #51,M
904,Room #510,F
905,Room #510,M
906,Room #511,M
907,Room #511,F
908,Room #512,F
909,Room #512,M
910,Room #513,M
911,Room #513,F
912,Room #514,M
913,Room #514,F
914,Room #515,F
915,Room #515,M
916,Room #516,F
917,Room #516,M
918,Room #517,M
919,Room #517,F
920,Room #518,F
921,Room #518,M
922,Room #519,F
923,Room #519,M
924,Room #52,M
925,Room #52,F
926,Room #520,F
927,Room #520,M
928,Room #521,M
929,Room #521,F
930,Room #522,M
931,Room #522,F
932,Room #523,F
933,Room #523,M
934,Room #524,M
935,Room #524,F
936,Room #525,F
937,Room #525,M
938,Room #526,F
939,Room #526,M
940,Room #527,M
941,Room #527,F
942,Room #528,F
943,Room #528,M
944,Room #529,F
945,Room #529,M
946,Room #53,F
947,Room #53,M
948,Room #530,M
949,Room #530,F
950,Room #531,F
951,Room #531,M
952,Room #532,M
953,Room #532,F
954,Room #533,F
955,Room #533,M
956,Room #534,M
957,Room #534,F
958,Room #535,M
959,Room #535,F
960,Room #536,F
961,Room #536,M
962,Room #537,M
963,Room #537,F
964,Room #538,F
965,Room #538,M
966,Room #539,F
967,Room #539,M
968,Room #54,F
969,Room #54,M
970,Room #540,F
971,Room #540,M
972,Room #541,F
973,Room #541,M
974,Room #542,M
975,Room #542,F
976,Room #543,M
977,Room #543,F
978,Room #544,M
979,Room #544,F
980,Room #545,M
981,Room #545,F
982,Room #546,M
983,Room #546,F
984,Room #547,M
985,Room #547,F
986,Room #548,F
987,Room #548,M
988,Room #549,F
989,Room #549,M
990,Room #55,F
991,Room #55,M
992,Room #550,M
993,Room #550,F
994,Room #551,M
995,Room #551,F
996,Room #552,M
997,Room #552,F
998,Room #553,F
999,Room #553,M
1000,Room #554,M
1001,Room #554,F
1002,Room #555,M
1003,Room #555,F
1004,Room #556,F
1005,Room #556,M
1006,Room #557,M
1007,Room #557,F
1008,Room #558,M
1009,Room #558,F
1010,Room #559,M
1011,Room #559,F
1012,Room #56,M
1013,Room #56,F
1014,Room #560,M
1015,Room #560,F
1016,Room #561,F
1017,Room #561,M
1018,Room #562,F
1019,Room #562,M
1020,Room #563,M
1021,Room #563,F
1022,Room #564,M
1023,Room #564,F
1024,Room #565,F
1025,Room #565,M
1026,Room #566,F
1027,Room #566,M
1028,Room #567,F
1029,Room #567,M
1030,Room #568,M
1031,Room #568,F
1032,Room #569,F
1033,Room #569,M
1034,Room #57,F
1035,Room #57,M
1036,Room #570,F
1037,Room #570,M
1038,Room #571,F
1039,Room #571,M
1040,Room #572,F
1041,Room #572,M
1042,Room #573,F
1043,Room #573,M
1044,Room #574,F
1045,Room #574,M
1046,Room #575,F
1047,Room #575,M
1048,Room #576,F
1049,Room #576,M
1050,Room #577,M
1051,Room #577,F
1052,Room #578,F
1053,Room #578,M
1054,Room #58,F
1055,Room #58,M
1056,Room #580,M
1057,Room #580,F
1058,Room #581,F
1059,Room #581,M
1060,Room #582,F
1061,Room #582,M
1062,Room #583,F
1063,Room #583,M
1064,Room #584,M
1065,Room #584,F
1066,Room #585,M
1067,Room #585,F
1068,Room #586,F
1069,Room #586,M
1070,Room #587,M
1071,Room #587,F
1072,Room #588,F
1073,Room #588,M
1074,Room #589,F
1075,Room #589,M
1076,Room #59,F
1077,Room #59,M
1078,Room #590,F
1079,Room #590,M
1080,Room #591,F
1081,Room #591,M
1082,Room #592,M
1083,Room #592,F
1084,Room #593,F
1085,Room #593,M
1086,Room #594,M
1087,Room #594,F
1088,Room #595,F
1089,Room #595,M
1090,Room #596,M
1091,Room #596,F
1092,Room #597,F
1093,Room #597,M
1094,Room #598,M
1095,Room #598,F
1096,Room #599,M
1097,Room #599,F
1098,Room #60,F
1099,Room #60,M
1100,Room #600,F
1101,Room #600,M
1102,Room #601,M
1103,Room #601,F
1104,Room #602,M
1105,Room #602,F
1106,Room #603,M
1107,Room #603,F
1108,Room #604,M
1109,Room #604,F
1110,Room #605,M
1111,Room #605,F
1112,Room #606,M
1113,Room #606,F
1114,Room #607,M
1115,Room #607,F
1116,Room #608,M
1117,Room #608,F
1118,Room #609,F
1119,Room #609,M
1120,Room #61,F
1121,Room #61,M
1122,Room #610,M
1123,Room #610,F
1124,Room #611,M
1125,Room #611,F
1126,Room #612,M
1127,Room #612,F
1128,Room #613,M
1129,Room #613,F
1130,Room #614,F
1131,Room #614,M
1132,Room #615,F
1133,Room #615,M
1134,Room #616,F
1135,Room #616,M
1136,Room #617,M
1137,Room #617,F
1138,Room #618,M
1139,Room #618,F
1140,Room #619,F
1141,Room #619,M
1142,Room #62,F
1143,Room #62,M
1144,Room #620,M
1145,Room #620,F
1146,Room #621,M
1147,Room #621,F
1148,Room #622,F
1149,Room #622,M
1150,Room #624,M
1151,Room #624,F
1152,Room #625,M
1153,Room #625,F
1154,Room #626,F
1155,Room #626,M
1156,Room #627,M
1157,Room #627,F
1158,Room #628,M
1159,Room #628,F
1160,Room #629,F
1161,Room #629,M
1162,Room #63,M
1163,Room #63,F
1164,Room #630,M
1165,Room #630,F
1166,Room #631,M
1167,Room #631,F
1168,Room #632,F
1169,Room #632,M
1170,Room #633,M
1171,Room #633,F
1172,Room #634,F
1173,Room #634,M
1174,Room #635,M
1175,Room #635,F
1176,Room #636,F
1177,Room #636,M
1178,Room #637,M
1179,Room #637,F
1180,Room #638,F
1181,Room #638,M
1182,Room #639,M
1183,Room #639,F
1184,Room #64,F
1185,Room #64,M
1186,Room #640,M
1187,Room #640,F
1188,Room #641,M
1189,Room #641,F
1190,Room #642,F
1191,Room #642,M
1192,Room #643,F
1193,Room #643,M
1194,Room #644,F
1195,Room #644,M
1196,Room #645,F
1197,Room #645,M
1198,Room #646,M
1199,Room #646,F
1200,Room #647,M
1201,Room #647,F
1202,Room #648,M
1203,Room #648,F
1204,Room #649,M
1205,Room #649,F
1206,Room #65,F
1207,Room #65,M
1208,Room #650,M
1209,Room #650,F
1210,Room #651,F
1211,Room #651,M
1212,Room #652,F
1213,Room #652,M
1214,Room #653,F
1215,Room #653,M
1216,Room #654,F
1217,Room #654,M
1218,Room #655,M
1219,Room #655,F
1220,Room #656,F
1221,Room #656,M
1222,Room #657,F
1223,Room #657,M
1224,Room #658,F
1225,Room #658,M
1226,Room #659,F
1227,Room #659,M
1228,Room #66,M
1229,Room #66,F
1230,Room #660,M
1231,Room #660,F
1232,Room #661,M
1233,Room #661,F
1234,Room #662,F
1235,Room #662,M
1236,Room #663,F
1237,Room #663,M
1238,Room #664,F
1239,Room #664,M
1240,Room #665,M
1241,Room #665,F
1242,Room #666,M
1243,Room #666,F
1244,Room #667,F
1245,Room #667,M
1246,Room #668,F
1247,Room #668,M
1248,Room #669,F
1249,Room #669,M
1250,Room #67,M
1251,Room #67,F
1252,Room #670,F
1253,Room #670,M
1254,Room #671,M
1255,Room #671,F
1256,Room #672,M
1257,Room #672,F
1258,Room #673,M
1259,Room #673,F
1260,Room #674,M
1261,Room #674,F
1262,Room #675,F
1263,Room #675,M
1264,Room #676,F
1265,Room #676,M
1266,Room #677,F
1267,Room #677,M
1268,Room #678,F
1269,Room #678,M
1270,Room #679,F
1271,Room #679,M
1272,Room #68,F
1273,Room #68,M
1274,Room #680,F
1275,Room #680,M
1276,Room #681,F
1277,Room #681,M
1278,Room #682,M
1279,Room #682,F
1280,Room #683,M
1281,Room #683,F
1282,Room #684,F
1283,Room #684,M
1284,Room #685,F
1285,Room #685,M
1286,Room #686,F
1287,Room #686,M
1288,Room #687,M
1289,Room #687,F
1290,Room #688,M
1291,Room #688,F
1292,Room #689,F
1293,Room #689,M
1294,Room #69,F
1295,Room #69,M
1296,Room #690,F
1297,Room #690,M
1298,Room #691,M
1299,Room #691,F
1300,Room #692,F
1301,Room #692,M
1302,Room #693,F
1303,Room #693,M
1304,Room #694,M
1305,Room #694,F
1306,Room #695,M
1307,Room #695,F
1308,Room #696,M
1309,Room #696,F
1310,Room #697,F
1311,Room #697,M
1312,Room #698,M
1313,Room #698,F
1314,Room #699,M
1315,Room #699,F
1316,Room #7,F
1317,Room #7,M
1318,Room #70,F
1319,Room #70,M
1320,Room #700,F
1321,Room #700,M
1322,Room #701,M
1323,Room #701,F
1324,Room #702,M
1325,Room #702,F
1326,Room #703,F
1327,Room #703,M
1328,Room #704,M
1329,Room #704,F
1330,Room #705,M
1331,Room #705,F
1332,Room #706,F
1333,Room #706,M
1334,Room #707,F
1335,Room #707,M
1336,Room #708,M
1337,Room #708,F
1338,Room #709,M
1339,Room #709,F
1340,Room #71,M
1341,Room #71,F
1342,Room #710,F
1343,Room #710,M
1344,Room #711,F
1345,Room #711,M
1346,Room #712,M
1347,Room #712,F
1348,Room #713,M
1349,Room #713,F
1350,Room #714,M
1351,Room #714,F
1352,Room #715,M
1353,Room #715,F
1354,Room #716,M
1355,Room #716,F
1356,Room #717,F
1357,Room #717,M
1358,Room #718,M
1359,Room #718,F
1360,Room #719,M
1361,Room #719,F
1362,Room #72,F
1363,Room #72,M
1364,Room #720,F
1365,Room #720,M
1366,Room #721,M
1367,Room #721,F
1368,Room #722,M
1369,Room #722,F
1370,Room #723,M
1371,Room #723,F
1372,Room #724,M
1373,Room #724,F
1374,Room #725,F
1375,Room #725,M
1376,Room #726,F
1377,Room #726,M
1378,Room #727,M
1379,Room #727,F
1380,Room #728,F
1381,Room #728,M
1382,Room #729,F
1383,Room #729,M
1384,Room #73,F
1385,Room #73,M
1386,Room #730,F
1387,Room #730,M
1388,Room #731,M
1389,Room #731,F
1390,Room #732,F
1391,Room #732,M
1392,Room #733,M
1393,Room #733,F
1394,Room #734,F
1395,Room #734,M
1396,Room #735,M
1397,Room #735,F
1398,Room #737,F
1399,Room #737,M
1400,Room #738,M
1401,Room #738,F
1402,Room #739,F
1403,Room #739,M
1404,Room #74,M
1405,Room #74,F
1406,Room #740,F
1407,Room #740,M
1408,Room #741,F
1409,Room #741,M
1410,Room #742,M
1411,Room #742,F
1412,Room #743,F
1413,Room #743,M
1414,Room #744,M
1415,Room #744,F
1416,Room #745,F
1417,Room #745,M
1418,Room #746,M
1419,Room #746,F
1420,Room #747,M
1421,Room #747,F
1422,Room #748,M
1423,Room #748,F
1424,Room #749,F
1425,Room #749,M
1426,Room #75,M
1427,Room #75,F
1428,Room #750,M
1429,Room #750,F
1430,Room #751,F
1431,Room #751,M
1432,Room #752,M
1433,Room #752,F
1434,Room #753,F
1435,Room #753,M
1436,Room #754,M
1437,Room #754,F
1438,Room #755,F
1439,Room #755,M
1440,Room #756,M
1441,Room #756,F
1442,Room #757,F
1443,Room #757,M
1444,Room #758,F
1445,Room #758,M
1446,Room #759,F
1447,Room #759,M
1448,Room #76,M
1449,Room #76,F
1450,Room #760,F
1451,Room #760,M
1452,Room #761,F
1453,Room #761,M
1454,Room #762,M
1455,Room #762,F
1456,Room #763,F
1457,Room #763,M
1458,Room #764,F
1459,Room #764,M
1460,Room #765,M
1461,Room #765,F
1462,Room #766,M
1463,Room #766,F
1464,Room #767,F
1465,Room #767,M
1466,Room #768,F
1467,Room #768,M
1468,Room #769,F
1469,Room #769,M
1470,Room #77,M
1471,Room #77,F
1472,Room #770,F
1473,Room #770,M
1474,Room #771,F
1475,Room #771,M
1476,Room #772,F
1477,Room #772,M
1478,Room #773,M
1479,Room #773,F
1480,Room #774,F
1481,Room #774,M
1482,Room #775,M
1483,Room #775,F
1484,Room #776,F
1485,Room #776,M
1486,Room #777,F
1487,Room #777,M
1488,Room #778,M
1489,Room #778,F
1490,Room #779,M
1491,Room #779,F
1492,Room #78,F
1493,Room #78,M
1494,Room #780,F
1495,Room #780,M
1496,Room #781,F
1497,Room #781,M
1498,Room #782,M
1499,Room #782,F
1500,Room #783,M
1501,Room #783,F
1502,Room #784,M
1503,Room #784,F
1504,Room #785,M
1505,Room #785,F
1506,Room #786,M
1507,Room #786,F
1508,Room #787,F
1509,Room #787,M
1510,Room #788,M
1511,Room #788,F
1512,Room #789,M
1513,Room #789,F
1514,Room #79,M
1515,Room #79,F
1516,Room #790,M
1517,Room #790,F
1518,Room #791,F
1519,Room #791,M
1520,Room #792,M
1521,Room #792,F
1522,Room #793,M
1523,Room #793,F
1524,Room #794,F
1525,Room #794,M
1526,Room #795,M
1527,Room #795,F
1528,Room #796,F
1529,Room #796,M
1530,Room #797,F
1531,Room #797,M
1532,Room #798,F
1533,Room #798,M
1534,Room #799,M
1535,Room #799,F
1536,Room #8,F
1537,Room #8,M
1538,Room #80,F
1539,Room #80,M
1540,Room #800,M
1541,Room #800,F
1542,Room #801,F
1543,Room #801,M
1544,Room #802,F
1545,Room #802,M
1546,Room #803,M
1547,Room #803,F
1548,Room #804,M
1549,Room #804,F
1550,Room #805,F
1551,Room #805,M
1552,Room #806,M
1553,Room #806,F
1554,Room #807,F
1555,Room #807,M
1556,Room #808,M
1557,Room #808,F
1558,Room #809,F
1559,Room #809,M
1560,Room #81,M
1561,Room #81,F
1562,Room #810,F
1563,Room #810,M
1564,Room #811,F
1565,Room #811,M
1566,Room #812,F
1567,Room #812,M
1568,Room #813,M
1569,Room #813,F
1570,Room #814,M
1571,Room #814,F
1572,Room #815,M
1573,Room #815,F
1574,Room #816,M
1575,Room #816,F
1576,Room #817,F
1577,Room #817,M
1578,Room #818,M
1579,Room #818,F
1580,Room #819,M
1581,Room #819,F
1582,Room #82,M
1583,Room #82,F
1584,Room #820,F
1585,Room #820,M
1586,Room #821,F
1587,Room #821,M
1588,Room #822,M
1589,Room #822,F
1590,Room #823,M
1591,Room #823,F
1592,Room #824,F
1593,Room #824,M
1594,Room #825,F
1595,Room #825,M
1596,Room #826,M
1597,Room #826,F
1598,Room #827,M
1599,Room #827,F
1600,Room #828,F
1601,Room #828,M
1602,Room #829,M
1603,Room #829,F
1604,Room #83,F
1605,Room #83,M
1606,Room #830,F
1607,Room #830,M
1608,Room #831,M
1609,Room #831,F
1610,Room #832,F
1611,Room #832,M
1612,Room #833,M
1613,Room #833,F
1614,Room #834,M
1615,Room #834,F
1616,Room #835,F
1617,Room #835,M
1618,Room #836,F
1619,Room #836,M
1620,Room #837,M
1621,Room #837,F
1622,Room #838,F
1623,Room #838,M
1624,Room #839,M
1625,Room #839,F
1626,Room #84,F
1627,Room #84,M
1628,Room #840,M
1629,Room #840,F
1630,Room #841,M
1631,Room #841,F
1632,Room #842,F
1633,Room #842,M
1634,Room #843,M
1635,Room #843,F
1636,Room #844,F
1637,Room #844,M
1638,Room #845,M
1639,Room #845,F
1640,Room #846,M
1641,Room #846,F
1642,Room #847,F
1643,Room #847,M
1644,Room #848,F
1645,Room #848,M
1646,Room #849,M
1647,Room #849,F
1648,Room #85,F
1649,Room #85,M
1650,Room #850,F
1651,Room #850,M
1652,Room #851,M
1653,Room #851,F
1654,Room #852,M
1655,Room #852,F
1656,Room #853,F
1657,Room #853,M
1658,Room #854,M
1659,Room #854,F
1660,Room #855,F
1661,Room #855,M
1662,Room #856,M
1663,Room #856,F
1664,Room #857,F
1665,Room #857,M
1666,Room #858,F
1667,Room #858,M
1668,Room #859,F
1669,Room #859,M
1670,Room #86,F
1671,Room #86,M
1672,Room #860,F
1673,Room #860,M
1674,Room #861,M
1675,Room #861,F
1676,Room #862,M
1677,Room #862,F
1678,Room #863,F
1679,Room #863,M
1680,Room #864,F
1681,Room #864,M
1682,Room #865,F
1683,Room #865,M
1684,Room #866,F
1685,Room #866,M
1686,Room #867,M
1687,Room #867,F
1688,Room #868,F
1689,Room #868,M
1690,Room #869,M
1691,Room #869,F
1692,Room #87,F
1693,Room #87,M
1694,Room #870,M
1695,Room #870,F
1696,Room #871,M
1697,Room #871,F
1698,Room #872,M
1699,Room #872,F
1700,Room #873,F
1701,Room #873,M
1702,Room #874,M
1703,Room #874,F
1704,Room #875,F
1705,Room #875,M
1706,Room #876,F
1707,Room #876,M
1708,Room #877,M
1709,Room #877,F
1710,Room #878,M
1711,Room #878,F
1712,Room #879,M
1713,Room #879,F
1714,Room #88,M
1715,Room #88,F
1716,Room #880,F
1717,Room #880,M
1718,Room #881,F
1719,Room #881,M
1720,Room #882,F
1721,Room #882,M
1722,Room #883,F
1723,Room #883,M
1724,Room #884,M
1725,Room #884,F
1726,Room #885,F
1727,Room #885,M
1728,Room #886,M
1729,Room #886,F
1730,Room #887,F
1731,Room #887,M
1732,Room #888,M
1733,Room #888,F
1734,Room #889,F
1735,Room #889,M
1736,Room #89,M
1737,Room #89,F
1738,Room #890,M
1739,Room #890,F
1740,Room #891,F
1741,Room #891,M
1742,Room #892,M
1743,Room #892,F
1744,Room #893,M
1745,Room #893,F
1746,Room #894,F
1747,Room #894,M
1748,Room #895,M
1749,Room #895,F
1750,Room #896,F
1751,Room #896,M
1752,Room #897,M
1753,Room #897,F
1754,Room #898,F
1755,Room #898,M
1756,Room #899,F
1757,Room #899,M
1758,Room #9,M
1759,Room #9,F
1760,Room #90,F
1761,Room #90,M
1762,Room #900,M
1763,Room #900,F
1764,Room #901,M
1765,Room #901,F
1766,Room #902,M
1767,Room #902,F
1768,Room #903,F
1769,Room #903,M
1770,Room #904,F
1771,Room #904,M
1772,Room #905,M
1773,Room #905,F
1774,Room #906,M
1775,Room #906,F
1776,Room #907,F
1777,Room #907,M
1778,Room #908,F
1779,Room #908,M
1780,Room #909,F
1781,Room #909,M
1782,Room #91,M
1783,Room #91,F
1784,Room #910,M
1785,Room #910,F
1786,Room #911,F
1787,Room #911,M
1788,Room #912,M
1789,Room #912,F
1790,Room #913,M
1791,Room #913,F
1792,Room #914,F
1793,Room #914,M
1794,Room #915,M
1795,Room #915,F
1796,Room #916,M
1797,Room #916,F
1798,Room #917,M
1799,Room #917,F
1800,Room #918,M
1801,Room #918,F
1802,Room #919,F
1803,Room #919,M
1804,Room #92,F
1805,Room #92,M
1806,Room #920,M
1807,Room #920,F
1808,Room #921,F
1809,Room #921,M
1810,Room #922,M
1811,Room #922,F
1812,Room #923,F
1813,Room #923,M
1814,Room #924,M
1815,Room #924,F
1816,Room #925,M
1817,Room #925,F
1818,Room #926,F
1819,Room #926,M
1820,Room #927,M
1821,Room #927,F
1822,Room #928,F
1823,Room #928,M
1824,Room #929,F
1825,Room #929,M
1826,Room #93,F
1827,Room #93,M
1828,Room #930,M
1829,Room #930,F
1830,Room #931,M
1831,Room #931,F
1832,Room #932,M
1833,Room #932,F
1834,Room #933,M
1835,Room #933,F
1836,Room #934,F
1837,Room #934,M
1838,Room #935,M
1839,Room #935,F
1840,Room #936,M
1841,Room #936,F
1842,Room #937,F
1843,Room #937,M
1844,Room #938,F
1845,Room #938,M
1846,Room #939,M
1847,Room #939,F
1848,Room #94,F
1849,Room #94,M
1850,Room #940,F
1851,Room #940,M
1852,Room #941,M
1853,Room #941,F
1854,Room #942,M
1855,Room #942,F
1856,Room #943,F
1857,Room #943,M
1858,Room #944,F
1859,Room #944,M
1860,Room #945,F
1861,Room #945,M
1862,Room #946,M
1863,Room #946,F
1864,Room #947,M
1865,Room #947,F
1866,Room #948,M
1867,Room #948,F
1868,Room #949,M
1869,Room #949,F
1870,Room #95,F
1871,Room #95,M
1872,Room #950,F
1873,Room #950,M
1874,Room #951,M
1875,Room #951,F
1876,Room #952,M
1877,Room #952,F
1878,Room #953,F
1879,Room #953,M
1880,Room #954,F
1881,Room #954,M
1882,Room #955,F
1883,Room #955,M
1884,Room #956,F
1885,Room #956,M
1886,Room #957,M
1887,Room #957,F
1888,Room #958,M
1889,Room #958,F
1890,Room #959,M
1891,Room #959,F
1892,Room #96,F
1893,Room #96,M
1894,Room #960,M
1895,Room #960,F
1896,Room #961,M
1897,Room #961,F
1898,Room #962,M
1899,Room #962,F
1900,Room #963,M
1901,Room #963,F
1902,Room #964,F
1903,Room #964,M
1904,Room #965,M
1905,Room #965,F
1906,Room #966,M
1907,Room #966,F
1908,Room #967,M
1909,Room #967,F
1910,Room #968,M
1911,Room #968,F
1912,Room #969,M
1913,Room #969,F
1914,Room #97,F
1915,Room #97,M
1916,Room #970,M
1917,Room #970,F
1918,Room #971,F
1919,Room #971,M
1920,Room #972,F
1921,Room #972,M
1922,Room #973,F
1923,Room #973,M
1924,Room #974,M
1925,Room #974,F
1926,Room #975,F
1927,Room #975,M
1928,Room #976,M
1929,Room #976,F
1930,Room #977,F
1931,Room #977,M
1932,Room #978,M
1933,Room #978,F
1934,Room #979,M
1935,Room #979,F
1936,Room #98,M
1937,Room #98,F
1938,Room #980,M
1939,Room #980,F
1940,Room #981,M
1941,Room #981,F
1942,Room #982,M
1943,Room #982,F
1944,Room #983,F
1945,Room #983,M
1946,Room #984,F
1947,Room #984,M
1948,Room #985,F
1949,Room #985,M
1950,Room #986,M
1951,Room #986,F
1952,Room #987,M
1953,Room #987,F
1954,Room #988,F
1955,Room #988,M
1956,Room #989,F
1957,Room #989,M
1958,Room #99,M
1959,Room #99,F
1960,Room #990,M
1961,Room #990,F
1962,Room #991,M
1963,Room #991,F
1964,Room #992,M
1965,Room #992,F
1966,Room #993,F
1967,Room #993,M
1968,Room #994,M
1969,Room #994,F
1970,Room #995,F
1971,Room #995,M
1972,Room #996,M
1973,Room #996,F
1974,Room #997,F
1975,Room #997,M
1976,Room #998,M
1977,Room #998,F
1978,Room #999,M
1979,Room #999,F
